{"cameraMode":{"drawMode":0,"name":"Shaded","section":"Shading Mode"},"sceneLighting":true,"audioPlay":false,"sceneViewState":{"showFog":true,"showMaterialUpdate":false,"showSkybox":true,"showFlares":true,"showImageEffects":true,"showParticleSystems":true},"in2DMode":false,"pivot":{"x":2.018287181854248,"y":0.7534375190734863,"z":-2.318895101547241},"rotation":{"x":0.17276352643966676,"y":0.491123765707016,"z":-0.10006553679704666,"w":0.8479082584381104},"size":5.528692722320557,"orthographic":false}